"REGION2016","NSCHID","RegionId","SCHOOL","COMMUNITY","ADDRESS1","ADDRESS2","ADDRESS3","POSTCODE","PHONE","FAX","NSCHID_A","YEAR","K","ONE","TWO","THREE","FOUR","FIVE","SIX","SEVEN","EIGHT","NINE","TEN","ELEVEN","TWELVE","FOURTH","TOTAL","GIVEN","PRINCIPAL","EMAIL","DISTRICT"
"Labrador","001","100","St. Peter's School","Black Tickle","Black Tickle","Black Tickle, NL","A0K 1N0","A0K1N0","471-8828","471-8838","001","2016","1","5","0","1","0","0","4","0","1","0","2","0","3","2","19","Madeline","Madeline Keefe","madelinekeefe@nlesd.ca","NLESD - Labrador Region"
"Labrador","002","100","Henry Gordon Academy","Cartwright","P.O. Box 300","Cartwright, NL","A0K 1V0","A0K1V0","938-7291","938-7467","002","2016","4","7","4","7","8","6","8","3","5","6","1","6","9","0","74","Jeff","Jeff Saxby","jeffsaxby@nlesd.ca","NLESD - Labrador Region"
"Labrador","004","100","Queen of Peace Middle School","Happy Valley-Goose Bay","P.O. Box 1900, Stn B","Happy Valley-Goose Bay, NL","A0P 1E0","A0P1E0","896-5315","896-5056","004","2016","0","0","0","0","87","92","90","90","0","0","0","0","0","0","359","Mark","Mark Bonnell","markbonnell@nlesd.ca","NLESD - Labrador Region"
"Labrador","005","100","Peacock Primary School","Happy Valley-Goose Bay","P.O. Box 2163, Stn B","Happy Valley-Goose Bay, NL","A0P 1E0","A0P1E0","896-3896","896-6014","005","2016","75","94","104","107","0","0","0","0","0","0","0","0","0","0","380","Sandra","Sandra Broomfield","sandrabroomfield@nlesd.ca","NLESD - Labrador Region"
"Labrador","007","100","Amos Comenius Memorial School","Hopedale","P.O. Box 105","Hopedale, NL","A0P 1G0","A0P1G0","933-3815","933-3805","007","2016","15","18","7","4","8","6","5","11","11","10","10","9","10","1","125","Dean","Dean Coombs","deancoombs@nlesd.ca","NLESD - Labrador Region"
"Labrador","008","100","A. P. Low Primary","Labrador City","600 Bartlett Drive","Labrador City, NL","A2V 1G6","A2V1G6","944-5231","944-5580","008","2016","115","116","116","100","0","0","0","0","0","0","0","0","0","0","447","Rose","Rose Neville","roseneville@nlesd.ca","NLESD - Labrador Region"
"Labrador","012","100","J.C. Erhardt Memorial School","Makkovik","P.O. Box 134","Makkovik, NL","A0P 1J0","A0P1J0","923-2275","923-2106","012","2016","11","3","7","9","4","4","4","3","5","7","1","6","4","0","68","Dion","Dion Rideout","dionrideout@nlesd.ca","NLESD - Labrador Region"
"Labrador","013","100","Mud Lake School","Mud Lake","General Delivery","Mud Lake, NL","A0P 1K0","A0P1K0","896-8632","896-4884","013","2016","1","0","1","0","0","0","0","1","0","0","0","0","0","0","3","April","April Blake","aprilblake@nlesd.ca","NLESD - Labrador Region"
"Labrador","014","100","Jens Haven Memorial","Nain","General Delivery","Nain, NL","A0P 1L0","A0P1L0","922-2813","922-2119","014","2016","19","21","21","20","18","20","11","18","14","15","14","22","14","1","228","Jacob","Jacob Larkin","jacoblarkin@nlesd.ca","NLESD - Labrador Region"
"Labrador","015","100","Lake Melville School","North West River","P.O. Box 40","North West River, NL","A0P 1M0","A0P1M0","497-8241","497-8250","015","2016","12","7","9","11","9","6","7","13","6","6","5","4","4","0","99","Jennifer","Jennifer White","jenniferwhite@nlesd.ca","NLESD - Labrador Region"
"Labrador","016","100","B.L. Morrison","Postville","P.O. Box 76","Postville, NL","A0P 1N0","A0P1N0","479-9811","479-9796","016","2016","3","4","1","2","3","3","1","1","1","4","3","0","5","0","31","Carmen","Carmen Sheppard","carmensheppard@nlesd.ca","NLESD - Labrador Region"
"Labrador","017","100","Northern Lights Academy","Rigolet","P.O. Box 89","Rigolet, NL","A0P 1P0","A0P1P0","947-3350","947-3429","017","2016","1","6","6","7","4","3","5","6","6","3","2","3","7","0","59","Tom","Tom Mugford","tommugford@nlesd.ca","NLESD - Labrador Region"
"Labrador","022","100","William Gillett Academy","Charlottetown, LAB","P.O. Box 149","Charlottetown, LAB","A0K 5Y0","A0K5Y0","949-0223","949-0302","022","2016","3","3","4","7","2","2","3","5","1","6","2","5","5","0","48","Pamela","Pamela Campbell","pamelacampbell@nlesd.ca","NLESD - Labrador Region"
"Labrador","040","100","St. Mary's AG","Mary's Harbour","P.O. Box 127","Mary's Harbour, NL","A0K 3P0","A0K3P0","921-6245","921-6358","040","2016","1","3","1","3","3","3","1","6","3","5","6","7","5","0","47","Verna","Verna Brown","vernabrown@nlesd.ca","NLESD - Labrador Region"
"Labrador","041","100","Raymond Ward Memorial","Norman Bay","General Delivery","Norman Bay, NL","A0K 5Y0","A0K5Y0","988-4207","988-4207","041","2016","0","0","0","0","1","0","0","0","0","0","0","0","1","0","2","Lorina","Lorina Spurrell","lorinaspurrell@nlesd.ca","NLESD - Labrador Region"
"Labrador","046","100","Bayside Academy","Port Hope Simpson","P.O. Box 100","Port Hope Simpson, NL","A0K 4E0","A0K4E0","960-0252","960-0375","046","2016","3","5","6","5","7","9","8","2","1","4","5","7","5","0","67","Tom","Tom Flynn","tomflynn@nlesd.ca","NLESD - Labrador Region"
"Labrador","050","100","Basque Memorial","Red Bay","P.O. Box 107","Red Bay, NL","A0K 4K0","A0K4K0","920-2066","920-2180","050","2016","0","1","0","2","1","1","1","1","0","0","0","0","1","2","10","Carol","Carol Nadeau","CarolNadeau@nlesd.ca","NLESD - Labrador Region"
"Labrador","054","100","St. Lewis Academy","St. Lewis","P.O. Box 108","St. Lewis, NL","A0K 4W0","A0K4W0","939-2245","939-2364","054","2016","1","3","2","1","4","3","2","3","1","3","2","3","3","0","31","Susan","Susan Poole","Susanpoole@nlesd.ca","NLESD - Labrador Region"
"Labrador","381","100","J.R. Smallwood Middle School","Wabush","P.O. Box 5000","Wabush, NL","A0R 1B0","A0R1B0","282-3251","282-3016","381","2016","0","0","0","0","97","103","104","99","0","0","0","0","0","0","403","Darryn","Darryn Cramm","DarrynCramm@nlesd.ca","NLESD - Labrador Region"
"Labrador","487","100","Labrador Straits Academy","L'Anse au Loup","P.O. Box 10","L'Anse au Loup, NL","A0K 3L0","A0K3L0","927-5411","927-5521","487","2016","5","11","4","12","13","10","16","10","9","10","11","18","13","0","142","Colleen","Colleen O'Brien","colleenobrien@nlesd.ca","NLESD - Labrador Region"
"Western","024","200","James Cook Memorial","Cook's Harbour","P.O. Box 10","Cook's Harbour, NL","A0K 1Z0","A0K1Z0","249-4196","249-3053","024","2016","2","1","0","0","0","2","0","0","0","0","1","4","1","0","11","Ruth","Ruth Jacobs","ruthjacobs@nlesd.ca","NLESD - Western Region"
"Western","026","200","H.G. Fillier Academy","Englee","Box 220","Englee, NL","A0K 2J0","A0K2J0","866-2326","866-2120","026","2016","2","4","2","5","8","5","7","4","3","3","0","0","0","0","43","Travis","Travis Gillard","TravisGillard@nlesd.ca","NLESD - Western Region"
"Western","027","200","Canon Richards Memorial Academy","Flower's Cove","Box 99","Flower's Cove, NL","A0K 2N0","A0K2N0","456-2010","456-2020","027","2016","12","9","14","12","16","21","21","12","16","17","17","19","25","1","212","Marsha","Marsha Genge","MarshaGenge@nlesd.ca","NLESD - Western Region"
"Western","032","200","Truman Eddison Memorial","Griquet","Box 2, Site 1","Griquet, NL","A0K 2X0","A0K2X0","623-2010","623-2105","032","2016","4","5","6","5","6","3","1","0","0","0","0","0","0","0","30","Ashley","Ashley Wood","ashleywood@nlesd.ca","NLESD - Western Region"
"Western","039","200","Mary Simms All-Grade","Main Brook","P.O. Box 10","Main Brook, NL","A0K 3N0","A0K3N0","865-3151","865-2111","039","2016","1","1","0","1","3","4","1","2","2","4","2","1","1","0","23","Raymond","Raymond Byrne","raybyrne@nlesd.ca","NLESD - Western Region"
"Western","057","200","St. Peter's Academy","Benoit's Cove","Box 95","Benoit's Cove, NL","A0L 1A0","A0L1A0","789-2761","789-3288","057","2016","11","11","15","14","11","16","16","11","23","25","0","0","0","0","153","Carol","Carol Ann Eldridge","carolanneldridge@nlesd.ca","NLESD - Western Region"
"Western","060","200","Ecole C.C. Loughlin Elementary","Corner Brook","Citadel Drive","Corner Brook, NL","A2H 5M4","A2H5M4","639-8988","639-1496","060","2016","71","65","57","71","43","40","58","0","0","0","0","0","0","0","405","Helen","Helen Coleman","helencoleman@nlesd.ca","NLESD - Western Region"
"Western","065","200","Humber Elementary","Corner Brook","St. John's Avenue","Corner Brook,  NL","A2H 2E5","A2H2E5","634-6333","634-8953","065","2016","46","47","50","55","47","55","64","0","0","0","0","0","0","0","364","Robert","Robert Matthews","RobertMatthews@nlesd.ca","NLESD - Western Region"
"Western","066","200","J.J. Curling Elementary","Corner Brook","Woodbine Ave","Corner Brook, NL","A2H 3P2","A2H3P2","785-2814","785-2042","066","2016","36","34","39","49","42","54","36","0","0","0","0","0","0","0","290","Brian","Brian Higdon","BrianHigdon@nlesd.ca","NLESD - Western Region"
"Western","069","200","Sacred Heart Elementary","Corner Brook","Curling St","Corner Brook West, NL","A2H 3K8","A2H3K8","785-5119","785-2257","069","2016","28","26","26","33","20","33","31","0","0","0","0","0","0","0","197","Frank","Frank Humber","FrankHumber@nlesd.ca","NLESD - Western Region"
"Western","070","200","St. Gerard's Elementary","Corner Brook","Montgomerie Street","Corner Brook, NL","A2H 2P8","A2H2P8","639-8945","639-1698","070","2016","18","22","14","20","10","17","12","0","0","0","0","0","0","0","113","Bill","Bill Chaisson","BillChaisson@nlesd.ca","NLESD - Western Region"
"Western","072","200","Holy Cross All Grade School","Daniel's Harbour","P. O. Box 130","Daniel's Harbour, NL","A0K 2C0","A0K2C0","898-2413","898-2539","072","2016","3","1","2","5","3","0","2","1","3","2","2","3","2","0","29","Vanessa","Vanessa Terry","vanessaterry@nlesd.ca","NLESD - Western Region"
"Western","075","200","Hampden Academy","Hampden","Box 100","Hampden, NL","A0K 2Y0","A0K2Y0","455-3231","455-2107","075","2016","3","5","5","3","8","8","5","7","8","5","8","6","5","0","76","Cathy","Cathy House","CathyHouse@nlesd.ca","NLESD - Western Region"
"Western","079","200","St. James All Grade","Lark Harbour","Box 100","Lark Harbour, NL","A0L 1H0","A0L1H0","681-2620","681-2019","079","2016","13","9","6","9","8","7","10","8","8","10","11","10","10","0","119","Donna","Donna Alexander","donnaalexander@nlesd.ca","NLESD - Western Region"
"Western","080","200","Templeton Academy","Meadows","Box 3539, RR#2","Corner Brook, NL","A2H 6B9","A2H6B9","783-2780","783-2113","080","2016","29","39","48","46","46","25","24","36","27","40","43","34","35","0","472","Glenn","Glenn Macarthur","GlennMacarthur@nlesd.ca","NLESD - Western Region"
"Western","082","200","Pasadena Elementary School","Pasadena","P.O. Box 40","","A0L 1K0","A0L1K0","686-2621","686-5623","082","2016","32","26","37","43","35","36","47","0","0","0","0","0","0","0","256","Norma","Norma Park","normapark@nlesd.ca","NLESD - Western Region"
"Western","086","200","Gros Morne Academy","Rocky Harbour","P.O. Box 179","Rocky Harbour, NL","A0K 4N0","A0K4N0","458-2457","458-2302","086","2016","9","14","7","9","10","14","11","14","11","17","20","15","19","0","170","Lisa","Lisa Shears-Smith","LisaShearsSmith@nlesd.ca","NLESD - Western Region"
"Western","088","200","Main River Academy","Pollard's Point","General Delivery","Pollard's Point, NL","A0K 4B0","A0K4B0","482-2422","482-2129","088","2016","5","1","5","3","3","3","5","2","7","2","2","8","8","0","54","Bobbi","Bobbi Ann Heath","bobbiannheath@nlesd.ca","NLESD - Western Region"
"Western","089","200","Jakeman All Grade","Trout River","Box 70","Trout River, NL","A0K 5P0","A0K5P0","451-3381","451-2165","089","2016","6","8","7","8","7","5","10","10","4","7","4","9","5","0","90","Meghan","Meghan Power","meghanpower@nlesd.ca","NLESD - Western Region"
"Western","091","200","Burgeo Academy","Burgeo","P. O. Box 310","Burgeo, NL","A0N 2H0","A0N2H0","886-2590","886-2161","091","2016","6","5","3","6","8","4","9","6","5","9","12","12","8","0","93","Corey","Corey Penney","CoreyPenney@nlesd.ca","NLESD - Western Region"
"Western","092","200","Grandy's River Collegiate","Burnt Islands","Box 40","Burnt Islands, NL","A0M 1B0","A0M1B0","698-3582","698-3180","092","2016","5","5","8","9","6","3","7","15","8","8","10","13","10","0","107","Justin","Justin Blackler","JustinBlackler@nlesd.ca","NLESD - Western Region"
"Western","096","200","Our Lady of the Cape School","Cape St. George","875 Oceanview Drive","De Grau, Cape St. George","A0N 1T1","A0N1T1","644-2180","644-2005","096","2016","7","4","2","5","6","6","8","7","7","0","0","0","0","0","52","Corey","Corey Ivany","coreyivany@nlesd.ca","NLESD - Western Region"
"Western","097","200","St. James' Elementary","Channel-Port Aux Basques","Box 1060","Port aux Basques, NL","A0M 1C0","A0M1C0","695-3001","695-9589","097","2016","42","42","45","35","32","40","40","0","0","0","0","0","0","0","276","Denise","Denise Francis","DeniseFrancis@nlesd.ca","NLESD - Western Region"
"Western","102","200","All Saints All-Grade","Grey River","P.O. Box 40","Grey River, NL","A0N 2L0","A0N2L0","296-3151","296-3151","102","2016","1","1","1","0","1","1","3","0","0","0","0","0","2","0","10","Sherry Boone","Sherry Boone","sherryboone@nlesd.ca","NLESD - Western Region"
"Western","103","200","LeGallais Memorial","Isle aux Morts","Box 170","Isle aux Morts, NL","A0M 1J0","A0M1J0","698-3722","698-3083","103","2016","5","3","4","2","3","7","3","7","9","12","0","0","0","0","55","Brian","Brian Griffin","briangriffin@nlesd.ca","NLESD - Western Region"
"Western","104","200","Douglas Academy","La Poile","General Delivery","La Poile, NL","A0M 1K0","A0M1K0","496-4116","496-3351","104","2016","0","0","1","0","1","0","1","0","0","0","0","0","0","0","3","Catherine McWhirter","Catherine McWhirter","cathymcwhirter@nlesd.ca","NLESD - Western Region"
"Western","106","200","Lourdes Elementary","Lourdes","P.O. Box 70","Lourdes, NL","A0N 1R0","A0N1R0","642-5822","642-5442","106","2016","12","19","18","23","23","25","14","13","21","0","0","0","0","0","168","Alison","Alison Marche","alisonmarche@nlesd.ca","NLESD - Western Region"
"Western","111","200","St. Thomas Aquinas","Port au Port East","P.O. Box 299","Port au Port East, NL","A0N 1T0","A0N1T0","648-2260","648-9512","111","2016","8","10","12","18","10","9","11","14","10","0","0","0","0","0","102","Kevin","Kevin Green","kevingreen@nlesd.ca","NLESD - Western Region"
"Western","113","200","St. Boniface All Grade","Ramea","P.O. Box 190","Ramea, NL","A0N 2J0","A0N2J0","625-2283","625-2151","113","2016","1","3","0","2","2","0","5","3","2","3","3","5","3","0","32","Catherine","Catherine Poole","catherinepoole@nlesd.ca","NLESD - Western Region"
"Western","115","200","Our Lady of Mercy Elementary","St. George's","P.O. Box 130","St. George's, NL","A0N 1Z0","A0N1Z0","647-3902","647-3629","115","2016","13","20","10","20","17","18","18","19","16","0","0","0","0","0","151","Wallace","Wallace Childs","wallacechilds@nlesd.ca","NLESD - Western Region"
"Western","118","200","Stephenville Elementary","Stephenville","P.O. Box 5300","Stephenville, NL","A2N 3A3","A2N3A3","643-2927","643-6120","118","2016","0","0","0","0","95","92","0","0","0","0","0","0","0","0","187","Cindy","Cindy Barker","cindybarker@nlesd.ca","NLESD - Western Region"
"Western","120","200","Stephenville Primary","Stephenville","P.O. Box 5500","Stephenville, NL","A2N 3P5","A2N3P5","643-2331","643-9335","120","2016","88","83","100","90","0","0","0","0","0","0","0","0","0","0","361","Gerald","Gerald Morgan","GeraldMorgan@nlesd.ca","NLESD - Western Region"
"Western","123","200","St. Michael's Elementary","Stephenville Crossing","Hospital Road","Stephenville Crossing, NL","A0N 2C0","A0N2C0","646-2822","646-5263","123","2016","16","11","20","14","19","22","17","21","15","0","0","0","0","0","155","Fred","Fred Robertson","FredRobertson@nlesd.ca","NLESD - Western Region"
"Western","125","200","Copper Ridge Academy","Baie Verte","Box 430, 9 Columbus Drive","Baie Verte, NL","A0K 1B0","A0K1B0","532-4288","532-4199","125","2016","18","22","22","23","23","29","21","21","21","22","25","22","25","0","294","Chris","Chris Mills","chrismills@nlesd.ca","NLESD - Western Region"
"Western","137","200","St. Simon and St. Jude Academy","Francois","P.O. Box 40","Francois, NL","A0N 2K0","A0N2K0","842-3371","842-4121","137","2016","0","1","1","1","1","0","0","0","1","0","1","3","1","0","10","Anne Marie","Anne Marie Breen","annemariebreen@nlesd.ca","NLESD - Western Region"
"Western","152","200","Valmont Academy","King's Point","P.O. Box 130","King's Point, NL","A0J 1H0","A0J1H0","268-2205","268-2296","152","2016","2","7","4","10","4","6","4","9","11","9","5","11","4","1","87","Ryan","Ryan Kelley","ryankelley@nlesd.ca","NLESD - Western Region"
"Western","154","200","Hillside Elementary","La Scie","P.O. Box 250","La Scie, NL","A0K 3M0","A0K3M0","675-2298","675-2489","154","2016","9","14","13","13","11","14","13","0","0","0","0","0","0","0","87","Lisa","Lisa Martin-Morris","lisamartin@nlesd.ca","NLESD - Western Region"
"Western","158","200","MSB Regional Academy","Middle Arm","Box 40","Middle Arm, NL","A0K 3R0","A0K3R0","252-2905","252-2101","158","2016","7","11","5","9","13","7","7","10","14","6","12","16","14","1","132","Sandra","Sandra Young-Robinson","sandrayoungrobinson@nlesd.ca","NLESD - Western Region"
"Western","167","200","Green Bay South Academy","Robert's Arm","P.O. Box 160","Robert's Arm, NL","A0J 1R0","A0J1R0","652-3493","652-3162","167","2016","9","6","7","14","19","18","23","0","0","0","0","0","0","0","96","Michael","Michael Parsons","mikeparsons@nlesd.ca","NLESD - Western Region"
"Western","172","200","Brian Peckford Primary","Triton","P.O. Box 39","Triton, NL","A0J 1V0","A0J1V0","263-2512","263-2397","172","2016","10","8","14","9","0","0","0","0","0","0","0","0","0","0","41","Angela","Angela Paddock","angelapaddock@nlesd.ca","NLESD - Western Region"
"Western","174","200","St. Peter's Academy","Westport","P. O. Box 10","Westport, NL","A0K 5R0","A0K5R0","224-5111","224-6161","174","2016","0","2","2","4","1","1","5","0","0","4","4","3","5","1","32","Jeffrey","Jeffrey Quigley","jeffreyquigley@nlesd.ca","NLESD - Western Region"
"Western","388","200","Long Range Academy","Cow Head","P.O. Box 10","Cow Head, NL","A0K 2A0","A0K2A0","243-2252","243-2169","388","2016","9","12","9","9","9","13","8","8","10","4","9","13","18","0","131","Michelle","Michelle Patey","michellepatey@nlesd.ca","NLESD - Western Region"
"Western","389","200","Elwood Elementary","Deer Lake","22A Farm Road","Deer Lake, NL","A8A 1J3","A8A1J3","635-2337","635-2995","389","2016","78","72","68","74","76","65","0","0","0","0","0","0","0","0","433","Jim","Jim Pink","jimpink@nlesd.ca","NLESD - Western Region"
"Western","391","200","Xavier Junior High","Deer Lake","26 Wight's Road","Deer Lake, NL","A8A 2H6","A8A2H6","635-2196","635-3372","391","2016","0","0","0","0","0","0","66","74","73","76","0","0","0","0","289","Aurele","Aurele Beaupre","AureleBeaupre@nlesd.ca","NLESD - Western Region"
"Western","393","200","Bonne Bay Academy","Woody Point","P.O. Box 70","Woody Point, NL","A0K 1P0","A0K1P0","453-2206","453-2460","393","2016","0","3","2","1","3","3","7","4","4","4","1","7","2","0","41","Steve","Steve Buffett","stevebuffett@nlesd.ca","NLESD - Western Region"
"Western","394","200","E.A. Butler All Grade","McKay's","Box 10","McKay's, NL","A0N 1G0","A0N1G0","645-2330","645-2633","394","2016","6","7","11","13","11","6","5","12","13","10","14","7","7","1","123","Sherry","Sherry Barnes","sherrybarnes@nlesd.ca","NLESD - Western Region"
"Western","396","200","Stephenville Middle School","Stephenville","40 Queen St","Stephenville, NL","A2N 2M5","A2N2M5","643-5101","643-5103","396","2016","0","0","0","0","0","0","91","86","103","0","0","0","0","0","280","Tyson","Tyson Bennett","TysonBennett@nlesd.ca","NLESD - Western Region"
"Western","397","200","Belanger Memorial School","Upper Ferry","General Delivery","Doyles, NL","A0N 1J0","A0N1J0","955-2940","955-2620","397","2016","4","11","18","16","13","10","14","13","11","22","17","23","10","0","182","Catherine","Catherine Bartlett","CatherineBartlett1@nlesd.ca","NLESD - Western Region"
"Western","409","200","Indian River Academy","Springdale","P.O. Box 309","Springdale, NL","A0J 1T0","A0J1T0","673-3714","673-4480","409","2016","28","32","38","35","56","30","31","0","0","0","0","0","0","0","250","Conway","Conway Roberts","conwayroberts@nlesd.ca","NLESD - Western Region"
"Western","474","200","Cloud River Academy","Roddickton","P. O. Box 100","Roddickton, NL","A0K 4P0","A0K4P0","457-2430","457-2409","474","2016","13","19","13","9","18","12","12","14","14","12","14","17","21","1","189","Hollis","Hollis Cull","HollisCull@nlesd.ca","NLESD - Western Region"
"Western","475","200","Viking Trail Academy","Plum Point","P. O. Box 70","Plum Point, NL","A0K 4A0","A0K4A0","247-2008","247-2207","475","2016","5","9","14","12","15","13","13","15","13","17","18","15","9","0","168","Dalton","Dalton McLean","daltonmclean@nlesd.ca","NLESD - Western Region"
"Western","488","200","French Shore Academy","Port Saunders","P. O. Box 119","Port Saunders, NL","A0K 4H0","A0K4H0","861-2592","861-3258","488","2016","8","19","17","22","17","22","14","17","17","15","14","22","25","0","229","Gene","Gene Shave","geneshave@nlesd.ca","NLESD - Western Region"
"Western","953","200","White Hills Academy","St. Anthony","31 Elementary School Road","St. Anthony, NL","AOK 4S0","AOK4S0","454-2202","454-2404","953","2016","28","16","26","33","26","30","23","43","28","32","41","43","32","2","403","Mervin","Mervin Parsons","mervinparsons@nlesd.ca","NLESD - Western Region"
"Central","133","300","Memorial Academy","Botwood","Box 5000","Botwood, NL","A0H 1E0","A0H1E0","257-2346","257-4630","133","2016","35","36","44","45","40","42","50","0","0","0","0","0","0","0","292","Lorne","Lorne Roach","lorneroach@nlesd.ca","NLESD - Central Region"
"Central","138","300","Victoria Academy","Gaultois","Box 10","Gaultois, NL","A0H 1N0","A0H1N0","841-3151","841-7111","138","2016","2","0","1","0","3","0","0","2","3","4","4","0","2","0","21","Derek","Derek Drover","derekdrover@nlesd.ca","NLESD - Central Region"
"Central","142","300","Woodland Primary","Grand Falls-Windsor","18A St. Catherine St","Grand Falls-Windsor, NL","A2A 1V8","A2A1V8","489-4373","489-1025","142","2016","64","77","68","81","0","0","0","0","0","0","0","0","0","0","290","Nancy","Nancy Barry","nancybarry@nlesd.ca","NLESD - Central Region"
"Central","144","300","Sprucewood Academy","Grand Falls-Windsor","26 Price's Ave.","Grand Falls-Windsor, NL","A2B 1C9","A2B1C9","489-2127","489-8491","144","2016","0","0","0","0","148","134","156","0","0","0","0","0","0","0","438","Sondra","Sondra Power","sondrapower@nlesd.ca","NLESD - Central Region"
"Central","150","300","St. Joseph's Elementary","Harbour Breton","Box 329","Harbour Breton, NL","A0H 1P0","A0H1P0","885-2407","885-2443","150","2016","16","10","12","18","23","12","20","0","0","0","0","0","0","0","111","Terry","Terry Baker","terrybaker@nlesd.ca","NLESD - Central Region"
"Central","151","300","John Watkins Academy","Hermitage","Box 100","Hermitage, NL","A0H 1S0","A0H1S0","883-2480","883-2148","151","2016","1","1","2","3","7","3","5","5","8","6","4","11","4","0","60","Janet","Janet Loveless","janetloveless@nlesd.ca","NLESD - Central Region"
"Central","155","300","Leading Tickles Primary","Leading Tickles","P.O. Box 29","Leading Tickles, NL","A0H 1T0","A0H1T0","483-2580","483-2053","155","2016","3","4","2","0","0","0","0","0","0","0","0","0","0","0","9","Deidre","Deidre Poole","deidrepoole@nlesd.ca","NLESD - Central Region"
"Central","157","300","St. Peter's AG","McCallum","P.O.Box 10","McCallum, NL","A0H 2J0","A0H2J0","846-3311","846-4103","157","2016","0","0","0","0","1","0","0","1","0","0","1","1","0","0","4","Tammy","Tammny Hynes Brown","tammyhynesbrown@nlesd.ca","NLESD - Central Region"
"Central","163","300","Point Leamington Academy","Point Leamington","Box 100","Point Leamington, NL","A0H 1Z0","A0H1Z0","484-3432","484-3598","163","2016","1","3","4","6","5","10","6","7","6","7","8","9","11","0","83","John","John Loder","johnloder@nlesd.ca","NLESD - Central Region"
"Central","165","300","St. Stephen's AG","Rencontre East","Box 59","Rencontre East, NL","A0H 2C0","A0H2C0","848-3516","848-3106","165","2016","1","3","0","2","3","1","1","4","1","1","1","1","3","2","24","Joel","Joel Murphy","joelmurphy@nlesd.ca","NLESD - Central Region"
"Central","177","300","Greenwood Academy","Campbellton","Box 100","Campbellton, NL","A0G 1L0","A0G1L0","261-2360","261-2362","177","2016","11","12","15","21","9","12","16","11","14","8","0","0","0","0","129","Ellis","Ellis Pope","ellispope@nlesd.ca","NLESD - Central Region"
"Central","178","300","Phoenix Academy","Carmanville","Box 220","Carmanville, NL","A0G 1N0","A0G1N0","534-2840","534-2076","178","2016","9","15","12","12","21","19","12","27","29","15","21","29","11","0","232","Jerry","Jerry Jenkins","jerryjenkins@nlesd.ca","NLESD - Central Region"
"Central","179","300","Centreville Academy","Centreville-Wareham","P.O. Box 10","Centreville, NL","A0G 4P0","A0G4P0","678-2833","678-2063","179","2016","7","18","14","10","14","8","9","16","11","12","0","0","0","0","119","Trina","Trina Rogers","trinarogers@nlesd.ca","NLESD - Central Region"
"Central","180","300","A. R. Scammell Academy","Change Islands","P.O. Box 39","Change Islands, NL","A0G 1R0","A0G1R0","621-3391","621-6361","180","2016","0","1","1","1","0","0","2","1","1","2","0","1","0","0","10","William","William Whalen","williamwhalen@nlesd.ca","NLESD - Central Region"
"Central","182","300","Charlottetown Primary","Charlottetown, B.B.","P.O. Box 110","Charlottetown, NL","A0C 1L0","A0C1L0","664-3301","664-4491","182","2016","2","4","2","2","0","0","0","0","0","0","0","0","0","0","10","Elizabeth","Elizabeth Howse","elizabethhowse@nlesd.ca","NLESD - Central Region"
"Central","183","300","William Mercer Academy","Dover","Box 100","Dover, NL","A0G 1X0","A0G1X0","537-2184","537-2387","183","2016","20","19","15","25","17","17","17","18","17","15","0","0","0","0","180","Krista","Krista Sweetapple","kristasweetapple@nlesd.ca","NLESD - Central Region"
"Central","188","300","Sandstone Academy","Ladle Cove","General Delivery","Ladle Cove, NL","A0G 2Y0","A0G2Y0","670-3201","670-2146","188","2016","2","5","4","3","3","5","1","0","0","0","0","0","0","0","23","Carolyn","Carolyn Goodyear","carolyngoodyear@nlesd.ca","NLESD - Central Region"
"Central","189","300","Lewisporte Academy","Lewisporte","P.O.Box 640","Lewisporte, NL","A0G 3A0","A0G3A0","535-2115","535-0480","189","2016","49","35","51","48","50","54","54","0","0","0","0","0","0","0","341","Pam","Pam Coish","pamcoish@nlesd.ca","NLESD - Central Region"
"Central","192","300","Lumsden Academy","Lumsden","Box 10","Lumsden, NL","A0G 3E0","A0G3E0","530-2311","530-2747","192","2016","2","8","5","8","8","6","6","7","8","13","0","0","0","0","71","Ruth","Ruth Gibbons","ruthgibbons@nlesd.ca","NLESD - Central Region"
"Central","194","300","Gill Memorial Academy","Musgrave Harbour","Box 70","Musgrave Harbour, NL","A0G 3J0","A0G3J0","655-2121","655-2037","194","2016","6","10","9","13","10","9","8","13","8","8","9","18","14","0","135","Sheldon","Sheldon Gillam","sheldongillam@nlesd.ca","NLESD - Central Region"
"Central","196","300","St. Gabriel's AG","St. Brendan's","P.O. Box 10","St. Brendan's, NL","A0G 3V0","A0G3V0","669-3331","669-5551","196","2016","0","1","1","1","0","1","1","0","0","1","2","1","1","0","10","Natasha","Natasha Powell","natashapowell@nlesd.ca","NLESD - Central Region"
"Central","202","300","Twillingate Island Elementary","Twillingate","P.O. Box 370","Twillingate, NL","A0G 4M0","A0G4M0","884-2871","884-5362","202","2016","17","11","15","24","18","24","17","0","0","0","0","0","0","0","126","Dave","Dave Dove","davedove@nlesd.ca","NLESD - Central Region"
"Central","204","300","Pearson Academy","Wesleyville","Box 100","Wesleyville, NL","A0G 4R0","A0G4R0","536-2254","536-2185","204","2016","12","14","19","19","12","16","32","23","23","16","26","32","38","0","282","Heidi","Heidi Williams","heidiwilliams@nlesd.ca","NLESD - Central Region"
"Central","206","300","Riverwood Academy","Wing's Point","General Delivery","Wing's Point, NL","A0G 4T0","A0G4T0","676-2009","676-2382","206","2016","18","14","15","16","16","23","15","21","28","15","25","31","21","2","260","Jonathan","Jonathan Williiams","jonathanwilliams@nlesd.ca","NLESD - Central Region"
"Central","213","300","Lake Academy","Fortune","P.O. Box 8, Forest Road","Fortune, NL","A0E 1P0","A0E1P0","832-2100","832-0044","213","2016","30","26","34","25","31","29","30","31","0","0","0","0","0","0","236","Cheryl","Cheryl Burt","cherylburt@nlesd.ca","NLESD - Central Region"
"Central","218","300","St. Joseph's Academy","Lamaline","Box 70","Lamaline, NL","A0E 2C0","A0E2C0","857-2790","857-2036","218","2016","5","7","4","11","8","3","5","5","11","3","6","6","7","0","81","Tracy","Tracy Blagdon","tracyblagdon@nlesd.ca","NLESD - Central Region"
"Central","220","300","Sacred Heart Academy","Marystown","P.O. Box 79","Marystown, NL","A0E 2M0","A0E2M0","279-2051","279-4351","220","2016","44","54","66","72","68","58","60","74","0","0","0","0","0","0","496","Cynthia","Cynthia Pope","cynthiapope@nlesd.ca","NLESD - Central Region"
"Central","223","300","Christ the King School","Rushoon","General Delivery","Rushoon, NL","A0E 2S0","A0E2S0","443-2293","443-2323","223","2016","7","6","10","3","8","4","6","11","10","8","11","8","15","0","107","Aaron","Aaron Murphy","aaronmurphy@nlesd.ca","NLESD - Central Region"
"Central","224","300","Donald C. Jamieson Academy","Burin Bay Arm","P.O.Box 160","Burin Bay Arm, NL","A0E 1G0","A0E1G0","891-1431","891-1814","224","2016","34","42","42","35","39","47","55","50","0","0","0","0","0","0","344","Leo","Leo Hynes","leohynes@nlesd.ca","NLESD - Central Region"
"Central","225","300","St. Anne's School","South East Bight","General Delivery","South East Bight, NL","A0E 3B0","A0E3B0","428-3561","428-3114","225","2016","3","1","1","3","3","0","0","1","1","1","1","0","0","0","15","Elena","Elena Whyte","elenawhyte@nlesd.ca","NLESD - Central Region"
"Central","226","300","Fortune Bay Academy","St. Bernard's - Jacques Fontaine","P.O. Box 129","St. Bernard's - Jacques Font","A0E 2T0","A0E2T0","461-2225","461-2749","226","2016","7","8","4","3","7","7","2","7","10","7","7","14","8","0","91","George","George Sheppard","georgesheppard@nlesd.ca","NLESD - Central Region"
"Central","228","300","St. Lawrence Academy","St. Lawrence","P.O. Box 336","St. Lawrence, NL","A0E 2V0","A0E2V0","873-2660","873-2711","228","2016","8","13","14","8","14","16","12","13","12","14","11","10","18","0","163","Dawn","Dawn Brushett","dawnbrushett@nlesd.ca","NLESD - Central Region"
"Central","229","300","St. Joseph's All Grade","Terrenceville","P.O. Box 70","Terrenceville, NL","A0E 2X0","A0E2X0","662-2201","662-2008","229","2016","9","4","8","7","7","11","4","7","14","6","10","11","10","0","108","Luke","Luke Neville","lukeneville@nlesd.ca","NLESD - Central Region"
"Central","232","300","Matthew Elementary School","Bonavista","Box 640","Bonavista, NL","A0C 1B0","A0C1B0","468-7242","468-1137","232","2016","30","34","28","35","35","48","28","0","0","0","0","0","0","0","238","Leigh-Ann","Leigh-Ann Ryder","leigh-annryder@nlesd.ca","NLESD - Central Region"
"Central","234","300","Catalina Elementary School","Catalina","Box 250","Catalina, NL","A0C 1J0","A0C1J0","469-2265","469-2515","234","2016","12","10","14","11","10","11","12","10","14","0","0","0","0","0","104","Kim","Kim Lodge","kimberlylodge@nlesd.ca","NLESD - Central Region"
"Central","237","300","Anthony Paddon Elementary","Musgravetown","Box 8","Musgravetown, NL","A0C 1Z0","A0C1Z0","467-2785","467-4357","237","2016","38","31","25","22","18","33","28","0","0","0","0","0","0","0","195","Janice","Janice Harnum","janiceharnum@nlesd.ca","NLESD - Central Region"
"Central","240","300","Bishop White School","Port Rexton","P.O. Box 70","Port Rexton, NL","A0C 2H0","A0C2H0","464-3501","464-3243","240","2016","7","10","10","4","6","11","5","8","8","7","9","9","9","0","103","Stephanie","Stephanie Gould","stephaniegould@nlesd.ca","NLESD - Central Region"
"Central","242","300","Random Island Academy","Hickman's Harbour","P.O. Box 138","Hickman's Harbour, NL","A0C 1P0","A0C1P0","547-2379","547-2549","242","2016","8","11","0","10","4","10","6","11","12","9","16","6","13","0","116","Curtis","Curtis Blackmore","curtisblackmore@nlesd.ca","NLESD - Central Region"
"Central","243","300","Riverside Elementary","Shoal Harbour","22 Thomas Pl.","Clarenville, NL","A5A 4P3","A5A4P3","466-7552","466-7592","243","2016","92","111","109","109","108","97","102","0","0","0","0","0","0","0","728","Peter","Peter Hackett","peterhackett@nlesd.ca","NLESD - Central Region"
"Central","246","300","Swift Current Academy","Swift Current","P. O. Box 40","Swift Current, NL","A0E 2W0","A0E2W0","549-2377","549-2109","246","2016","2","5","0","8","0","0","1","0","2","2","0","5","3","0","28","Tanya","Tanya Harris","tanyaharris@nlesd.ca","NLESD - Central Region"
"Central","398","300","Avoca Collegiate","Badger","Box 190","Badger, NL","A0H 1A0","A0H1A0","539-2466","539-2497","398","2016","8","4","12","6","8","9","5","9","9","9","0","0","0","0","79","Asher","Asher Cutting","ashercutting@nlesd.ca","NLESD - Central Region"
"Central","400","300","Helen Tulk Elementary","Bishop's Falls","Box 130, 1 Forest Road","Bishop's Falls, NL","A0H 1C0","A0H1C0","258-6472","258-6487","400","2016","28","32","25","29","24","29","35","0","0","0","0","0","0","0","202","David","David Alcock","davidalcock@nlesd.ca","NLESD - Central Region"
"Central","403","300","Lakeside Academy","Buchans","P.O. Box 130","Buchans, NL","A0H 1G0","A0H1G0","672-3985","672-3669","403","2016","7","5","5","5","7","2","9","4","8","6","6","8","12","3","87","Barbara","Barbara Rideout","barbararideout@nlesd.ca","NLESD - Central Region"
"Central","405","300","Cottrell's Cove Academy","Cottrell's Cove","Box 96","Cottrell's Cove, NL","A0H 1L0","A0H1L0","485-2410","485-2806","405","2016","0","1","3","0","3","0","4","1","2","1","2","2","1","0","20","Chad","Chad Horne","chadhorne@nlesd.ca","NLESD - Central Region"
"Central","406","300","Fitzgerald Academy","English Harbour West","P.O. Box 70","English Harbour West, NL","A0H 1M0","A0H1M0","888-3426","888-3428","406","2016","15","18","10","13","13","16","14","10","11","7","12","16","8","1","164","Krista","Krista Baker","kristabaker@nlesd.ca","NLESD - Central Region"
"Central","407","300","Bay d'Espoir Academy","Milltown","P.O. Box 190","Milltown, NL","A0H 1W0","A0H1W0","882-2500","882-2302","407","2016","13","7","15","17","30","14","18","18","21","26","16","29","16","2","242","Connie","Connie Willcott","conniewillcott@nlesd.ca","NLESD - Central Region"
"Central","413","300","Holy Cross School Complex","Eastport","Box 138","Eastport, NL","A0G 1Z0","A0G1Z0","677-2120","677-2378","413","2016","8","6","11","7","9","5","10","10","9","11","10","7","7","0","110","Mary Jane","Mary Jane Oldford","maryjaneoldford@nlesd.ca","NLESD - Central Region"
"Central","414","300","Fogo Island Central Academy","Fogo Island","General Delivery","Fogo Island, NL","A0G 2B0","A0G2B0","266-2560","266-2384","414","2016","15","24","22","20","28","25","21","24","23","22","15","20","23","0","282","Jeffrey","Jeffrey Neil","jeffreyneil@nlesd.ca","NLESD - Central Region"
"Central","416","300","Smallwood Academy","Gambo","Box 400","Gambo, NL","A0G 1T0","A0G1T0","674-5336","674-4244","416","2016","12","15","12","15","9","18","18","15","15","18","26","18","24","2","217","Collett","Collett Kelly","collettkelly@nlesd.ca","NLESD - Central Region"
"Central","417","300","Gander Academy","Gander","Fraser Road","Gander, NL","A1V 1K8","A1V1K8","256-8531","256-8551","417","2016","139","124","133","142","137","133","127","0","0","0","0","0","0","0","935","Duane","Duane Smith","duanesmith@nlesd.ca","NLESD - Central Region"
"Central","421","300","Lakewood Academy","Glenwood","P.O. Box 10","Glenwood, NL","A0G 2K0","A0G2K0","679-2162","679-5627","421","2016","7","11","18","17","14","11","15","26","16","19","17","24","6","0","201","Cathy","Cathy Rowe","cathyrowe@nlesd.ca","NLESD - Central Region"
"Central","422","300","Glovertown Academy","Glovertown","P.O. Box 100","Glovertown, NL","A0G 2L0","A0G2L0","533-2443","533-1136","422","2016","16","18","27","31","27","19","26","25","26","27","31","38","23","2","336","Cheryl","Cheryl Gordon","cherylgordon@nlesd.ca","NLESD - Central Region"
"Central","426","300","Hillview Academy","Norris Arm","P. O. Box 10","Norris Arm South, NL","A0G 3M0","A0G3M0","653-2529","653-2579","426","2016","13","13","8","7","6","5","6","12","13","11","0","0","0","0","94","Peter","Peter Wheeler","peterwheeler@nlesd.ca","NLESD - Central Region"
"Central","427","300","Holy Name of Mary Academy","Lawn","Box 39","Lawn, NL","A0E 2E0","A0E2E0","873-2069","873-2033","427","2016","4","9","5","9","5","7","3","11","8","8","7","5","6","0","87","Mario","Mario Jarvis","mariojarvis@nlesd.ca","NLESD - Central Region"
"Central","430","300","St. Mark's School","King's Cove","P.O. Box 84","King's Cove, NL","A0C 1S0","A0C1S0","447-6211","447-2126","430","2016","2","2","5","2","4","1","3","6","3","4","8","11","7","0","58","Stewart","Stewart Churchill","stewartchurchill@nlesd.ca","NLESD - Central Region"
"Central","431","300","Southwest Arm Academy","Little Heart's Ease","Box 40","Little Heart's Ease, NL","A0E 2K0","A0E2K0","548-2363","548-2484","431","2016","9","7","7","9","10","7","8","9","2","10","6","7","3","0","94","Leon","Leon Porter","leonporter@nlesd.ca","NLESD - Central Region"
"Central","478","300","New World Island Academy","Summerford","Box 130","Summerford, NL","A0G 4E0","A0G4E0","629-3241","629-7447","478","2016","24","27","21","25","24","33","20","20","36","29","19","25","40","0","343","Carolyn","Carolyn Clarke","carolynclarke@nlesd.ca","NLESD - Central Region"
"Central","494","300","Forest Park Primary","Grand Falls-Windsor","28 Price's Ave.","Grand Falls-Windsor, NL","A2B 1C9","A2B1C9","489-2171","489-2842","494","2016","58","82","79","80","0","0","0","0","0","0","0","0","0","0","299","Jeff","Jeff Power","jeffreypower@nlesd.ca","NLESD - Central Region"
"Central","924","300","Tricentia Academy","Arnold's Cove","Box 129","Arnold's Cove, NL","A0B 1A0","A0B1A0","463-2283","463-2193","924","2016","9","13","21","17","13","14","13","13","20","17","23","23","28","0","224","Russell","Russell Peddle","russpeddle@nlesd.ca","NLESD - Central Region"
"Eastern","248","400","Amalgamated Academy","Bay Roberts","P.O. Box 460","Bay Roberts, NL","A0A 1G0","A0A1G0","786-0280","786-1243","248","2016","0","0","0","0","88","93","91","158","138","147","0","0","0","0","715","Paul","Paul Brown","paulbrown@nlesd.ca","NLESD - Eastern Region"
"Eastern","258","400","Holy Family Elementary","Chapel Arm","General Delivery","Chapel Arm, NL","A0B 1L0","A0B1L0","592-2341","592-2033","258","2016","8","15","10","16","12","20","11","0","0","0","0","0","0","0","92","Susan","Susan George","susangeorge@nlesd.ca","NLESD - Eastern Region"
"Eastern","259","400","Coley's Point Primary","Coley's Point","P.O. Box 509","Bay Roberts, NL","A0A 1G0","A0A1G0","786-9052","786-2048","259","2016","75","80","93","97","0","0","0","0","0","0","0","0","0","0","345","Blair","Blair Hurley","blairhurley@nlesd.ca","NLESD - Eastern Region"
"Eastern","260","400","Immaculate Conception Elementary","Colliers","P. O. Box 40","Colliers, NL","A0A 1Y0","A0A1Y0","229-4664","229-1025","260","2016","19","19","19","19","18","19","19","0","0","0","0","0","0","0","132","Todd","Todd Crane","toddcrane@nlesd.ca","NLESD - Eastern Region"
"Eastern","262","400","Woodland Elementary","Dildo","P.O. Box 40","Dildo, NL","A0B 1P0","A0B1P0","582-2310","582-3082","262","2016","23","23","24","38","19","36","19","0","0","0","0","0","0","0","182","Lorraine","Lorraine Harnum","lorraineharnum@nlesd.ca","NLESD - Eastern Region"
"Eastern","265","400","Acreman Elementary","Green's Harbour","P. O. Box 9","Green's Harbour, NL","A0B 1X0","A0B1X0","582-2448","582-2551","265","2016","30","19","24","25","17","23","23","0","0","0","0","0","0","0","161","Patricia","Patricia Collins-Yetman","patriciacollinsyetman@nlesd.ca","NLESD - Eastern Region"
"Eastern","269","400","St. Francis School","Harbour Grace","Box 460","Harbour Grace, NL","A0A 2M0","A0A2M0","596-3452","596-2154","269","2016","20","29","27","40","26","34","38","38","31","0","0","0","0","0","283","Gary","Gary Barrett","garybarrett@nlesd.ca","NLESD - Eastern Region"
"Eastern","272","400","Holy Cross Elementary","Holyrood","P.O. Box 280","Holyrood, NL","A0A 2R0","A0A2R0","229-3939","229-7266","272","2016","34","42","34","39","36","40","35","0","0","0","0","0","0","0","260","Robin","Robin McGrath","robinmcgrath@nlesd.ca","NLESD - Eastern Region"
"Eastern","274","400","St. Catherine's Academy","Mount Carmel","P.O. Box 150","Mount Carmel, NL","A0B 2M0","A0B2M0","521-2090","521-2638","274","2016","3","2","1","6","6","10","0","7","14","9","13","12","6","1","90","Heather","Heather Hanlon","heatherhanlon@nlesd.ca","NLESD - Eastern Region"
"Eastern","278","400","All Hallows Elementary","North River","General Delivery","North River, NL","A0A 3C0","A0A3C0","786-3691","786-3695","278","2016","37","47","54","57","54","53","54","0","0","0","0","0","0","0","356","Kevin","Kevin Giles","kevingiles@nlesd.ca","NLESD - Eastern Region"
"Eastern","285","400","Holy Redeemer Elementary","Spaniard's Bay","Box 40","Spaniard's Bay, NL","A0A 3X0","A0A3X0","786-9056","786-6017","285","2016","27","35","26","38","34","19","27","27","22","26","0","0","0","0","281","Catherine","Catherine Downey","catherinedowney@nlesd.ca","NLESD - Eastern Region"
"Eastern","286","400","Fatima Academy","St. Bride's","General Delivery","St. Bride's, NL","A0B 2Z0","A0B2Z0","337-2500","337-2042","286","2016","3","2","3","2","7","6","6","3","5","7","2","9","9","0","64","Darlene","Darlene Walsh","darlenewalsh@nlesd.ca","NLESD - Eastern Region"
"Eastern","287","400","Dunne Memorial Academy","St. Mary's","P.O. Box 349","St. Mary's, NL","A0B 3B0","A0B3B0","525-2330","525-2777","287","2016","6","5","4","6","4","2","7","5","10","11","7","5","8","1","81","Arlene","Arlene Fagan","arlenefagan@nlesd.ca","NLESD - Eastern Region"
"Eastern","289","400","St. Peter's Elementary","Upper Island Cove","P.O. Box 100","Upper Island Cove, NL","A0A 4E0","A0A4E0","589-2464","589-2210","289","2016","13","16","25","26","15","24","19","25","24","25","0","0","0","0","212","John","John Drover","johndrover@nlesd.ca","NLESD - Eastern Region"
"Eastern","291","400","Perlwin Elementary","Winterton","P.O. Box 130","Winterton, NL","A0B 3M0","A0B3M0","583-2810","583-2818","291","2016","3","10","7","2","9","10","16","0","0","0","0","0","0","0","57","Roger","Roger Green","rogergreen@nlesd.ca","NLESD - Eastern Region"
"Eastern","294","400","St. Augustine's Elementary","Bell Island","P.O. Box 820","Bell Island, NL","A0A 4H0","A0A4H0","488-3349","488-2355","294","2016","16","23","25","29","30","21","18","0","0","0","0","0","0","0","162","Reginald","Reginald Durdle","regdurdle@nlesd.ca","NLESD - Eastern Region"
"Eastern","303","400","St. Edward's Elementary","Conception Bay South (Kelligrews)","P.O. Box 17043","Stn. Kelligrews, CBS,  NL","A1X 3H1","A1X3H1","834-4421","834-1855","303","2016","99","77","114","129","114","111","108","0","0","0","0","0","0","0","752","Lorraine","Lorraine Williams","lorrainewilliams@nlesd.ca","NLESD - Eastern Region"
"Eastern","305","400","Villanova Junior High","Conception Bay South (Manuels)","2698 Topsail Road","CBS, NL","A1W 4B1","A1W4B1","834-3916","834-4064","305","2016","0","0","0","0","0","109","125","189","203","0","0","0","0","0","626","Barry","Barry Jenkins","barryjenkins@nlesd.ca","NLESD - Eastern Region"
"Eastern","306","400","St. George's Elementary","Conception Bay South (Manuels)","P.O. Box 14092","Manuels, CBS, NL","A1W 3J1","A1W3J1","834-2069","834-6645","306","2016","41","53","42","45","45","34","51","0","0","0","0","0","0","0","311","Paul","Paul Edwards","pauledwards@nlesd.ca","NLESD - Eastern Region"
"Eastern","308","400","Mary Queen of the World Elementary","Mount Pearl","791 Topsail Road","Mount Pearl, NL","A1N 3J6","A1N3J6","368-0710","368-2242","308","2016","55","50","60","68","51","59","57","0","0","0","0","0","0","0","400","Chris","Chris Bartlett","ChrisBartlett@nlesd.ca","NLESD - Eastern Region"
"Eastern","309","400","Morris Academy","Mount Pearl","52 Roosevelt Avenue","Mount Pearl, NL","A1N 1Z8","A1N1Z8","368-2121","368-0204","309","2016","40","46","42","50","59","40","0","0","0","0","0","0","0","0","277","Sandra","Sandra Humphries","sandrahumphries@nlesd.ca","NLESD - Eastern Region"
"Eastern","310","400","Mount Pearl Intermediate","Mount Pearl","56 Ruth Avenue","Mount Pearl, NL","A1N 2H5","A1N2H5","364-1423","364-1871","310","2016","0","0","0","0","0","0","45","246","219","0","0","0","0","0","510","Della","Della Healey","dellahealey@nlesd.ca","NLESD - Eastern Region"
"Eastern","312","400","Newtown Elementary","Mount Pearl","25 Jackman Drive","Mount Pearl, NL","A1N 2P5","A1N2P5","368-0116","368-0605","312","2016","0","0","0","0","148","164","153","0","0","0","0","0","0","0","465","Vikki","Vikki Anstey","vikkianstey@nlesd.ca","NLESD - Eastern Region"
"Eastern","316","400","St. Peter's Primary","Mount Pearl","108 Ashford Dr.","Mount Pearl, NL","A1N 3L6","A1N3L6","368-7002","364-1533","316","2016","161","177","181","173","0","0","0","0","0","0","0","0","0","0","692","Sherry","Sherry Cheema","sherrycheema@nlesd.ca","NLESD - Eastern Region"
"Eastern","317","400","St. Francis of Assisi Elementary","Logy Bay/Middle Cove/Outer Cove","29 Outercove Road","Outer Cove, NL","A1K 4E7","A1K4E7","437-6663","437-1010","317","2016","35","34","36","33","19","41","24","0","0","0","0","0","0","0","222","Janette","Janette Kelly","janettekelly@nlesd.ca","NLESD - Eastern Region"
"Eastern","318","400","Holy Family Elementary","Paradise","67 St. Thomas Line","Paradise, NL","A1L 2P5","A1L2P5","781-1440","781-1444","318","2016","71","74","80","76","64","52","52","0","0","0","0","0","0","0","469","Sheryl","Sheryl Ryan","sherylryan@nlesd.ca","NLESD - Eastern Region"
"Eastern","320","400","Beachy Cove Elementary","Portugal Cove - St. Philip's","P.O. Box 578","Portugal Cove, NL","A1M 3R6","A1M3R6","895-2241","895-2767","320","2016","101","125","98","122","88","107","129","0","0","0","0","0","0","0","770","Aubrey","Aubrey Dawe","aubreydawe@nlesd.ca","NLESD - Eastern Region"
"Eastern","325","400","Bishop Abraham Elementary","St. John's","196 Pennywell Rd.","St. John's, NL","A1C 2L6","A1C2L6","579-9071","579-0090","325","2016","24","34","32","33","29","36","40","0","0","0","0","0","0","0","228","Laura","Laura Butland","laurabutland@nlesd.ca","NLESD - Eastern Region"
"Eastern","326","400","Bishop Feild Elementary","St. John's","44 Bond Street","St. John's, NL","A1C 1S6","A1C1S6","722-3103","722-1058","326","2016","44","45","39","48","45","51","36","0","0","0","0","0","0","0","308","Laurie","Laurie Andrews","laurieandrews@nlesd.ca","NLESD - Eastern Region"
"Eastern","331","400","Cowan Heights Elementary","St. John's","104 Canada Drive","St. John's, NL","A1E 2M8","A1E2M8","745-1700","745-2694","331","2016","42","52","52","48","39","46","46","46","0","0","0","0","0","0","371","Denise","Denise Coady","denisecoady@nlesd.ca","NLESD - Eastern Region"
"Eastern","334","400","Larkhall Academy","St. John's","16 Larkhall St","St. John's, NL","A1B 2C3","A1B2C3","722-7012","722-0153","334","2016","75","68","66","61","58","54","52","0","0","0","0","0","0","0","434","Elsie","Elsie Colbourne","elsiecolbourne@nlesd.ca","NLESD - Eastern Region"
"Eastern","337","400","Goulds Elementary","St. John's (Goulds)","Box 6, 46 Doyles Road","Goulds, NL","A1S 1A1","A1S1A1","368-8351","368-6966","337","2016","83","72","92","102","95","90","0","0","0","0","0","0","0","0","534","Jamie","Jamie Kieley","jameskieley@nlesd.ca","NLESD - Eastern Region"
"Eastern","342","400","MacDonald Drive Elementary","St. John's","150 Macdonald Drive","St. John's, NL","A1A 2K9","A1A2K9","753-6020","753-3809","342","2016","59","63","74","65","80","92","75","0","0","0","0","0","0","0","508","Matthew","Matthew Smith","matthewsmith@nlesd.ca","NLESD - Eastern Region"
"Eastern","345","400","Mary Queen of Peace Elementary","St. John's","137 Torbay Road","St. John's, NL","A1A 2G9","A1A2G9","753-7950","753-4973","345","2016","90","86","102","109","104","84","111","0","0","0","0","0","0","0","686","Kim","Kim Leonard","kimberlyleonard@nlesd.ca","NLESD - Eastern Region"
"Eastern","348","400","Roncalli Elementary","St. John's","130 Airport Hgts Dr","St. John's, NL","A1A 4Z7","A1A4Z7","576-4731","576-0087","348","2016","73","72","59","73","60","69","54","0","0","0","0","0","0","0","460","Craig","Craig Tremblett","craigtremblett@nlesd.ca","NLESD - Eastern Region"
"Eastern","349","400","St. Andrew's Elementary","St. John's","141 University Ave","St. John's, NL","A1B 1Z4","A1B1Z4","726-3682","726-1012","349","2016","19","27","30","28","37","24","30","0","0","0","0","0","0","0","195","Bonneta","Bonneta Oakley","bonnetaoakley@nlesd.ca","NLESD - Eastern Region"
"Eastern","350","400","St. John Bosco School","St. John's","P.O. Box 150, Shea Heights","St. John's, NL","A0A 1J0","A0A1J0","753-8850","753-7870","350","2016","17","19","20","21","19","22","29","12","19","24","0","0","0","0","202","Linda","Linda Hart","lindahart@nlesd.ca","NLESD - Eastern Region"
"Eastern","353","400","St. Kevin's Junior High","St. John's (Goulds)","P.O. Box 700","Goulds, NL","A1S 1G7","A1S1G7","745-8980","745-1151","353","2016","0","0","0","0","0","0","86","87","109","0","0","0","0","0","282","Yvonne","Yvonne Barry","yvonnebarry@nlesd.ca","NLESD - Eastern Region"
"Eastern","355","400","St. Mary's Elementary","St. John's","124 Waterford Bridge Rd","St. John's, NL","A1E 1C9","A1E1C9","753-9892","753-9220","355","2016","21","31","27","22","25","27","22","0","0","0","0","0","0","0","175","Sharon","Sharon Collett","sharoncollett@nlesd.ca","NLESD - Eastern Region"
"Eastern","356","400","St. Matthews Elementary","St. John's","115 Cowan Avenue","St. John's, NL","A1E 3W4","A1E3W4","745-1513","745-3618","356","2016","59","57","55","57","52","53","56","57","0","0","0","0","0","0","446","Sharon","Sharon Vivian","sharonvivian@nlesd.ca","NLESD - Eastern Region"
"Eastern","360","400","Rennie's River Elementary School","St. John's","150 Elizabeth Avenue","St. John's, NL","A1B 1S4","A1B1S4","754-2690","754-4737","360","2016","41","32","39","40","44","41","44","0","0","0","0","0","0","0","281","Allison","Allison Chafe","allisonchafe@nlesd.ca","NLESD - Eastern Region"
"Eastern","362","400","St. Teresa's School/cole Ste-Thrse","St. John's","100 Mundy Pond Road","St. John's, NL","A1E 1V1","A1E1V1","579-9111","579-2448","362","2016","96","85","66","83","87","75","65","0","0","0","0","0","0","0","557","Kyran","KyranDwyer","kyrandwyer@nlesd.ca","NLESD - Eastern Region"
"Eastern","363","400","Vanier Elementary","St. John's","75 Ennis Avenue","St. John's, NL","A1A 1Y7","A1A1Y7","754-2440","754-1805","363","2016","38","46","36","43","45","47","45","0","0","0","0","0","0","0","300","Tina","Tina Maloney","tinamaloney@nlesd.ca","NLESD - Eastern Region"
"Eastern","364","400","Virginia Park Elementary","St. John's","14 Middleton Street","St. John's, NL","A1A 3H9","A1A3H9","753-7924","754-2295","364","2016","26","23","29","23","18","23","24","0","0","0","0","0","0","0","166","Chris","Chris Young","chrisyoung@nlesd.ca","NLESD - Eastern Region"
"Eastern","366","400","Topsail Elementary","Conception Bay South (Topsail)","P.O. Box 13121, Stn Topsail","CBS, NL","A1W 2K1","A1W2K1","834-2968","834-6429","366","2016","94","99","109","93","90","0","0","0","0","0","0","0","0","0","485","Rosanne","Rosanne Collett","rosannecollett@nlesd.ca","NLESD - Eastern Region"
"Eastern","367","400","Holy Trinity Elementary","Torbay","10 Doyle's & Quigley's Lane","Torbay, NL","A1K 1A7","A1K1A7","437-6433","437-1134","367","2016","113","123","143","110","134","146","104","0","0","0","0","0","0","0","873","Deborah","Deborah Peddle","deborahpeddle@nlesd.ca","NLESD - Eastern Region"
"Eastern","370","400","Stella Maris Academy","Trepassey","General Delivery","Trepassey, NL","A0A 4B0","A0A4B0","438-2361","438-2442","370","2016","1","0","1","2","3","1","3","2","2","3","2","4","1","0","25","Viola","Viola Coombs","violacoombs@nlesd.ca","NLESD - Eastern Region"
"Eastern","371","400","Upper Gullies Elementary","Conception Bay South (Upper Gullies)","30 Roberts Road South","Upper Gullies, CBS, NL","A1X 6K2","A1X6K2","744-3141","744-2283","371","2016","84","77","86","75","68","70","58","0","0","0","0","0","0","0","518","Lynette","Lynette Ivany","lynetteivany@nlesd.ca","NLESD - Eastern Region"
"Eastern","372","400","St. Bernard's Elementary","Witless Bay","P.O. Box 70","Witless Bay, NL","A0A 4K0","A0A4K0","334-2222","334-2333","372","2016","45","48","57","46","63","52","48","0","0","0","0","0","0","0","359","Alun","Alun Young","alunyoung@nlesd.ca","NLESD - Eastern Region"
"Eastern","433","400","Tricon Elementary","Bay de Verde","P.O. Box 100","Bay de Verde, NL","A0A 1E0","A0A1E0","587-2550","587-2320","433","2016","12","14","20","12","13","17","20","0","0","0","0","0","0","0","108","Wendy","Wendy Clarke-Tizzard","wendyclarke-tizzard@nlesd.ca","NLESD - Eastern Region"
"Eastern","435","400","St. Anne's Academy","Dunville","P.O. Box 300","Dunville, NL","A0B 1S0","A0B1S0","227-3192","227-2069","435","2016","26","30","45","37","27","40","32","0","0","0","0","0","0","0","237","Shelly","Shelly Quilty","shellyquilty@nlesd.ca","NLESD - Eastern Region"
"Eastern","442","400","Persalvic Elementary","Victoria","P.O. Box 70","Victoria, NL","A0A 4G0","A0A4G0","596-2441","596-2598","442","2016","17","21","21","28","39","29","33","40","37","0","0","0","0","0","265","David","David Penney","davidpenney1@nlesd.ca","NLESD - Eastern Region"
"Eastern","444","400","Cabot Academy","Western Bay","P.O. Box 39","Western Bay, NL","A0A 4J0","A0A4J0","598-2270","598-2231","444","2016","18","15","16","15","20","18","10","0","0","0","0","0","0","0","112","Gerard","Gerard Murphy","gerardmurphy@nlesd.ca","NLESD - Eastern Region"
"Eastern","446","400","Whitbourne Elementary","Whitbourne","P.O. Box 8","Whitbourne, NL","A0B 3K0","A0B3K0","759-2640","759-2839","446","2016","16","16","10","13","13","12","9","0","0","0","0","0","0","0","89","Willson","Wilson Warren","wilsonwarren@nlesd.ca","NLESD - Eastern Region"
"Eastern","447","400","Baltimore  School Complex","Ferryland","General Delivery","Ferryland, NL","A0A 2H0","A0A2H0","432-2090","432-2262","447","2016","11","9","11","11","28","13","14","25","20","17","15","19","18","1","212","Darrell","Darrell Budgell","darrellbudgell@nlesd.ca","NLESD - Eastern Region"
"Eastern","468","400","Hazelwood Elementary","St. John's","391 Topsail Rd","St. John's, NL","A1E 2B7","A1E2B7","368-2123","368-7701","468","2016","70","60","66","74","89","64","96","0","0","0","0","0","0","0","519","Dale","Dale Lambe","dalelambe@nlesd.ca","NLESD - Eastern Region"
"Eastern","473","400","Cape St. Francis Elementary","Pouch Cove","P.O. Box 220","Pouch Cove, NL","A0A 3L0","A0A3L0","335-2962","335-2964","473","2016","42","41","52","53","55","47","42","0","0","0","0","0","0","0","332","Kelly","Kelly Pinsent","kellypinsent@nlesd.ca","NLESD - Eastern Region"
"Eastern","492","400","Octagon Pond Elementary","Paradise","425 Topsail Road","St. John's","A1E 5N7","A1E5N7","782-4560","782-5189","492","2016","91","76","90","55","65","64","46","0","0","0","0","0","0","0","487","Kirk","Kirk Smith","kirksmith@nlesd.ca","NLESD - Eastern Region"
"Eastern","951","400","Paradise Elementary","Paradise","60 Karwood Drive","Paradise, NL","A1L 2T8","A1L2T8","782-3000","782-0763","951","2016","89","112","109","89","120","97","114","0","0","0","0","0","0","0","730","Mike","Mike Tobin","MichaelTobin@nlesd.ca","NLESD - Eastern Region"
"Eastern","952","400","Elizabeth Park Elementary School","Paradise","80 Ellesmere Avenue","Paradise, NL","A1L 0R7","A1L0R7","782-8488","782-2662","952","2016","84","70","105","86","80","68","66","0","0","0","0","0","0","0","559","Elizabeth","Elizabeth Churchill","elizabethchurchill@nlesd.ca","NLESD - Eastern Region"
"Eastern","954","400","Carbonear Academy","Carbonear","88 Valley Road","Carbonear, NL","A1Y 1A7","A1Y1A7","5960426","5960428","954","2016","35","48","52","42","70","51","49","51","50","0","0","0","0","0","448","Byron","Byron King","byronking@nlesd.ca","NLESD - Eastern Region"
"","095","500","cole Notre-Dame du Cap","Cap Saint-Georges","Case postale 170","Cap Saint-Georges, NL","A0N 1E0","A0N1E0","644-2070","644-2262","095","2016","4","8","11","4","3","2","7","4","3","0","0","0","0","0","46","Real","Real Morin","rmorin@csfp.nl.ca","District 5 - Conseil scolaire francophone"
"","107","500","cole Sainte-Anne","La Grand'Terre (Mainland)","Case postale 190, RR#1","La Grand'Terre,TL","A0N 1R0","A0N1R0","642-5771","642-5327","107","2016","6","4","5","6","3","3","10","1","3","5","9","12","10","0","77","Marcella","Marcella Cormier","mcormier@csfp.nl.ca","District 5 - Conseil scolaire francophone"
"","459","500","Centre ducatif l'ENVOL","Labrador City","505 Bristol Crescent","Labrador City, TL","A2V 1J2","A2V1J2","944-2684","944-7422","459","2016","3","6","6","2","4","1","1","5","1","1","0","0","0","0","30","Joannie","Joannie Boyer","jboyer@csfp.nl.ca","District 5 - Conseil scolaire francophone"
"","460","500","cole des Grands-Vents","St. John's","65 Ridge Road","Saint- Jean, TL","A1B 4P5","A1B4P5","754-8000","754-8050","460","2016","22","30","23","14","23","19","19","14","7","2","3","1","2","0","179","Dominique","Dominique Martin","dmartin@csfp.nl.ca","District 5 - Conseil scolaire francophone"
"","472","500","cole Borale","Happy Valley - Goose Bay","P.O. Box 1038, Stn. C","Happy Valley- Goose Bay, NL","A0P 1C0","A0P1C0","896-0670","896-5029","472","2016","7","6","4","3","3","2","2","0","0","1","0","0","0","0","28","Jean-Pierre","Jean-Pierre Arbour","jparbour@csfp.nl.ca","District 5 - Conseil scolaire francophone"
"","373","803","First Baptist Academy","Mount Pearl","1 Ambassador Place","Mount Pearl, NL","A1N 5C3","A1N5C3","364-8928","364-8928","373","2016","0","4","4","3","7","2","7","1","6","3","1","1","1","0","40","Kirk","Kirk Piccott","kpiccott@firstbaptist.nl.ca","District 803 - Private"
"","375","803","Lakecrest-St. John's Independent School","St. John's","58 Patrick St.","St. John's, NL","A1E 2S7","A1E2S7","738-1212","738-1701","375","2016","15","18","18","19","14","18","17","17","17","16","0","0","0","0","169","Robert","Robert Pittman","rpittman@lakecrest.ca","District 803 - Private"
"","450","803","St. Bonaventure's College","St. John's","Bonaventure Avenue","St. John's, NL","A1C 6B3","A1C6B3","726-0024","726-0148","450","2016","32","34","29","29","21","29","25","42","25","29","24","16","18","0","353","Greg","Greg O' Leary","goleary@stbonaventurescollege.ca","District 803 - Private"
"","453","803","Eric G. Lambert All-Grade","Churchill Falls","P.O. Box 40","Churchill Falls, NL","A0R 1A0","A0R1A0","925-3371","925-3364","453","2016","11","16","10","11","13","9","7","11","13","11","9","10","13","0","144","Steve","Steve Power","spower@nalcorenergy.com","District 803 - Private"
"","469","803","Immaculate Heart of Mary School","Corner Brook","112 Humber Road","Corner Brook, NL","A2H 1E8","A2H1E8","634-1700","634-0620","469","2016","24","30","20","16","21","8","10","7","7","4","15","0","2","0","164","Elaine","Elaine King","elaine.king.ihms@gmail.com","District 803 - Private"
"","018","804","Sheshatshiu Innu School","Sheshatshiu","Box 70","Sheshatshiu, NL","A0P 1M0","A0P1M0","497-3519","497-8310","018","2016","32","37","35","39","32","24","18","34","34","53","33","28","20","12","431","Allan","Allan MacDonald","amacdonald@innueducation.ca","District 804 - Native Federal"
"","019","804","Mushuau Innu Natuashish School","Natuashish","Box 189","Natuashish, NL","A0P 1A0","A0P1A0","478-8972","478-8989","019","2016","44","18","32","26","20","18","21","12","22","19","10","22","30","0","294","Derrick","Derrick Fewer","dfewer@innueducation.ca","District 804 - Native Federal"
"","376","804","Se't Anneway Kegnamogwom","Conne River","P.O. Box 100","Conne River, NL","A0H 1J0","A0H1J0","882-2747","882-2528","376","2016","9","17","14","11","18","13","14","11","7","16","12","9","16","0","167","Craig","Craig Benoit","cbenoit@setanewey.ca","District 804 - Native Federal"
